{"nextId":10,"logins":[{"id":1,"hostname":"https://accounts.google.com","httpRealm":null,"formSubmitURL":"https://accounts.google.com","usernameField":"identifier","passwordField":"password","encryptedUsername":"MEIEEPgAAAAAAAAAAAAAAAAAAAEwFAYIKoZIhvcNAwcECMaZ5pfBiw2GBBhat/LvoxpaXw3Vkf2Al8Mc5Ce2alMWMsY=","encryptedPassword":"MDoEEPgAAAAAAAAAAAAAAAAAAAEwFAYIKoZIhvcNAwcECNoJBadCrt1aBBAd7zReO9TRzwF5PBHiWFM3","guid":"{124a9084-c2d2-4029-8fda-08c6f48d88fa}","encType":1,"timeCreated":1596749646190,"timeLastUsed":1596749824896,"timePasswordChanged":1596749646190,"timesUsed":2},{"id":2,"hostname":"https://accounts.google.com","httpRealm":null,"formSubmitURL":"https://accounts.google.com","usernameField":"identifier","passwordField":"password","encryptedUsername":"MEIEEPgAAAAAAAAAAAAAAAAAAAEwFAYIKoZIhvcNAwcECD5t1rpGNFSHBBh5TCrVtIn5kElz6gAhCgTxX83WIxUwkig=","encryptedPassword":"MDoEEPgAAAAAAAAAAAAAAAAAAAEwFAYIKoZIhvcNAwcECNUkZuOmweKBBBB+NqEC8eD8fesbrLi/43LM","guid":"{bef25bbd-66e0-40b0-92f9-2a6adaefc950}","encType":1,"timeCreated":1596749968863,"timeLastUsed":1596749968863,"timePasswordChanged":1596749968863,"timesUsed":1},{"id":3,"hostname":"https://accounts.google.com","httpRealm":null,"formSubmitURL":"https://accounts.google.com","usernameField":"identifier","passwordField":"password","encryptedUsername":"MEIEEPgAAAAAAAAAAAAAAAAAAAEwFAYIKoZIhvcNAwcECGtxOQcpHpm2BBjDq82Ha24Hw8vK+DhnwTT8xNPZD5OCtH4=","encryptedPassword":"MDoEEPgAAAAAAAAAAAAAAAAAAAEwFAYIKoZIhvcNAwcECNAYPpY6DhW5BBD7wbIwsYN/sUeMOuv+axhq","guid":"{9e4000f8-9c81-419f-a6a9-a15298ac0679}","encType":1,"timeCreated":1596750047582,"timeLastUsed":1596750047582,"timePasswordChanged":1596750047582,"timesUsed":1},{"id":4,"hostname":"https://accounts.google.com","httpRealm":null,"formSubmitURL":"https://accounts.google.com","usernameField":"identifier","passwordField":"hiddenPassword","encryptedUsername":"MEIEEPgAAAAAAAAAAAAAAAAAAAEwFAYIKoZIhvcNAwcECPd4h5F0Y47eBBiradpfgkRwhRR8N8sAIRPXKip9grYAAOk=","encryptedPassword":"MDoEEPgAAAAAAAAAAAAAAAAAAAEwFAYIKoZIhvcNAwcECI/oGpKWuUbcBBDW4NifYOJtLUx1MGgmdRE3","guid":"{d5960926-4cbe-4526-bfea-c1d24be29320}","encType":1,"timeCreated":1596750223308,"timeLastUsed":1596750225517,"timePasswordChanged":1596750223308,"timesUsed":2},{"id":5,"hostname":"https://accounts.google.com","httpRealm":null,"formSubmitURL":"https://accounts.google.com","usernameField":"identifier","passwordField":"hiddenPassword","encryptedUsername":"MEIEEPgAAAAAAAAAAAAAAAAAAAEwFAYIKoZIhvcNAwcECDMLSzxsh1edBBinrZ63hkEItfFRGen+NkShO9rbDXs8xc4=","encryptedPassword":"MDoEEPgAAAAAAAAAAAAAAAAAAAEwFAYIKoZIhvcNAwcECDs8Leg256S7BBBeq06gZHNAt/pHHsNYDCxa","guid":"{5ccb5bdf-3ff9-40d1-8449-eab6b2b8d9a0}","encType":1,"timeCreated":1596750296448,"timeLastUsed":1596750297747,"timePasswordChanged":1596750296448,"timesUsed":2},{"id":6,"hostname":"https://accounts.google.com","httpRealm":null,"formSubmitURL":"https://accounts.google.com","usernameField":"identifier","passwordField":"hiddenPassword","encryptedUsername":"MEIEEPgAAAAAAAAAAAAAAAAAAAEwFAYIKoZIhvcNAwcECPldvla70nWPBBjGm8Pjnk8cCY59ZXe9VNHTjHLFmz77yhQ=","encryptedPassword":"MDoEEPgAAAAAAAAAAAAAAAAAAAEwFAYIKoZIhvcNAwcECHalQLqRo9QTBBDg5Em9qCwzHMWPUGDlVXCf","guid":"{2ab3d0dc-44a7-4d7a-99cf-c29997d77c59}","encType":1,"timeCreated":1596750345773,"timeLastUsed":1596750347015,"timePasswordChanged":1596750345773,"timesUsed":2},{"id":7,"hostname":"https://accounts.google.com","httpRealm":null,"formSubmitURL":"https://accounts.google.com","usernameField":"identifier","passwordField":"hiddenPassword","encryptedUsername":"MEIEEPgAAAAAAAAAAAAAAAAAAAEwFAYIKoZIhvcNAwcECFf9x6qFptQABBgmmpao4Co8Xx9Rl9WlAQ5DlRicS9VdNJ8=","encryptedPassword":"MDoEEPgAAAAAAAAAAAAAAAAAAAEwFAYIKoZIhvcNAwcECHoqPqhwttHzBBDtgoFKyYUkWXYoVCKHcCNC","guid":"{210ba705-7a93-4274-a92d-103c1254d982}","encType":1,"timeCreated":1596750413918,"timeLastUsed":1596750415689,"timePasswordChanged":1596750413918,"timesUsed":2},{"id":8,"hostname":"https://accounts.google.com","httpRealm":null,"formSubmitURL":"https://accounts.google.com","usernameField":"identifier","passwordField":"hiddenPassword","encryptedUsername":"MEIEEPgAAAAAAAAAAAAAAAAAAAEwFAYIKoZIhvcNAwcECHXcE6GDAfDTBBgIXrw2qRSEXfbgN1Grza4f90LdjdCs6VQ=","encryptedPassword":"MDoEEPgAAAAAAAAAAAAAAAAAAAEwFAYIKoZIhvcNAwcECIPyifd8GrZtBBAyx46TUm+hBDGaEmOGpVd4","guid":"{f632d62e-7873-47bb-85e3-dfe7bbae890e}","encType":1,"timeCreated":1596750484554,"timeLastUsed":1596750486270,"timePasswordChanged":1596750484554,"timesUsed":2},{"id":9,"hostname":"https://accounts.google.com","httpRealm":null,"formSubmitURL":"https://accounts.google.com","usernameField":"identifier","passwordField":"hiddenPassword","encryptedUsername":"MEIEEPgAAAAAAAAAAAAAAAAAAAEwFAYIKoZIhvcNAwcECMB8nv+JwkCZBBipe/MsxRWGfDkKZvN8wD+ArGtl5LyN1rc=","encryptedPassword":"MDoEEPgAAAAAAAAAAAAAAAAAAAEwFAYIKoZIhvcNAwcECFSP9Fg8d7qjBBD0PAMN+FsHNrRwEg49ttNX","guid":"{ba7cc151-2b95-456f-ab5a-c11a73c312aa}","encType":1,"timeCreated":1596750529350,"timeLastUsed":1596750530439,"timePasswordChanged":1596750529350,"timesUsed":2}],"version":2}